title,keyword
UCAT Score Requirements for UK Medical Schools 2025,ucat score requirements uk medical schools
How to Prepare for a Medical School MMI Interview,how to prepare mmi interview medical school
A-Level Subject Choices for Medicine Applications,a level subjects needed for medicine uk
How Long Does GCSE Revision Take?,how long does gcse revision take
What Is the 11 Plus Exam?,what is the 11 plus exam
What Grade Do You Need for Oxbridge Chemistry?,oxbridge chemistry grade requirements
Triple vs Double Science GCSE,triple vs double science gcse
Online Tutoring vs In-Person Tutoring for GCSE,online tutoring vs in person tutoring gcse
UCAS Personal Statement Guide,ucas personal statement guide
How to Find a Good Private Tutor,how to find a good private tutor
