Category,Name,Link
11 Plus,10Alleyn’s School – 11+ English Sample Examination Paper 2 – 2025,https://media.piacademy.co.uk/file/11PlusEnglishPapers/Alleyns-School-11-Plus-English-Sample-Examination-Paper-2-2025.pdf
11 Plus,10North London Collegiate School - 11 Plus Maths Exam Paper - 2025,https://media.piacademy.co.uk/file/11PlusMathsPapers/North-London-Collegiate-School-11-Plus-Maths-Exam-Paper-2025.pdf
11 Plus,111+ VR Codes Practice Paper 1,https://media.piacademy.co.uk/file/VerbalReasoningPapers/11-Plus-Verbal-Reasoning-Paper-1-Codes-jhs.pdf
11 Plus,11Latymer Upper School - 11 Plus Exam Maths Sample Paper 1 - 2025,https://media.piacademy.co.uk/file/11PlusMathsPapers/Latymer-Upper-School-11-Plus-Maths-Sample-Paper-1-2025.pdf
11 Plus,12Latymer Upper School - 11 Plus Exam Maths Sample Paper 2 - 2025,https://media.piacademy.co.uk/file/11PlusMathsPapers/Latymer-Upper-School-11-Plus-Maths-Sample-Paper-2-2025.pdf
11 Plus,13Alleyn's - 11 Plus Maths Sample Examination Paper 1 - 2025,https://media.piacademy.co.uk/file/11PlusMathsPapers/Alleyns-11-Plus-Maths-Sample-Examination-Paper-1-2025.pdf
11 Plus,1611+ VR Making Words Practice Paper 1,https://media.piacademy.co.uk/file/VerbalReasoningPapers/11-Plus-Verbal-Reasoning-Paper-1-Making-Words-ujh.pdf
11 Plus,1City of London School for Girls – 11 Plus Maths Sample Paper - 2025,https://media.piacademy.co.uk/file/11PlusMathsPapers/City-of-London-School-for-Girls-11-Plus-Maths-Sample-Paper-2025.pdf
11 Plus,1English Creative Writing Paper 1 - Descriptive Writing - Continue a Story,https://media.piacademy.co.uk/file/CreativeWritings/English-Creative-Writing-Paper-1-dfhs.pdf
11 Plus,1St Paul’s Girls School – 11+ English Sample Paper 1 – 2025,https://media.piacademy.co.uk/file/11PlusEnglishPapers/St-Pauls-Girls-School-11-Plus-English-Sample-Paper-1-2025.pdf
11 Plus,24City of London School – Eleven Plus English Entrance Paper – 2025,https://media.piacademy.co.uk/file/11PlusEnglishPapers/City-of-London-School-11-Plus-English-Entrance-Paper-2025.pdf
11 Plus,2Magdalen College School – 11+ Maths Sample Paper - 2025,https://media.piacademy.co.uk/file/11PlusMathsPapers/Magdalen-College-School-11-Plus-Maths-Sample-Paper-2025.pdf
11 Plus,2St Paul’s Girls School – 11+ English Sample Paper 2 – 2025,https://media.piacademy.co.uk/file/11PlusEnglishPapers/St-Pauls-Girls-School-11-Plus-English-Sample-Paper-2-2025.pdf
11 Plus,3City of London School for Girls – 11+ English Sample Paper –  2025,https://media.piacademy.co.uk/file/11PlusEnglishPapers/City-of-London-School-for-Girls-11-Plus-English-Sample-Paper-2025.pdf
11 Plus,3Hampton Court House - 11 Plus Maths Sample Paper - 2025,https://media.piacademy.co.uk/file/11PlusMathsPapers/Hampton-Court-House-11-Plus-Maths-Sample-Paper-2025.pdf
11 Plus,49North London Collegiate School – 11+ English Entrance Exam Paper – 2021,https://media.piacademy.co.uk/file/11PlusEnglishPapers/North-London-Collegiate-School-11-Plus-English-Entrance-Exam-Paper-2021.pdf
11 Plus,4North London Collegiate School – 11+ Exam English Sample Paper – 2025,https://media.piacademy.co.uk/file/11PlusEnglishPapers/North-London-Collegiate-School-11-Plus-English-Sample-Paper-2025.pdf
11 Plus,4St Paul’s Girls School - 11+ Exam Sample Maths Paper 1 - 2025,https://media.piacademy.co.uk/file/11PlusMathsPapers/St-Pauls-Girls-School-11-Plus-Sample-Maths-Paper-1-2025.pdf
11 Plus,5Magdalen College School – 11+ Exam English Sample Paper – 2025,https://media.piacademy.co.uk/file/11PlusEnglishPapers/Magdalen-College-School-11-Plus-English-Sample-Paper-2025.pdf
11 Plus,5St Paul’s Girls School - 11+ Exam Sample Maths Paper 2 - 2025,https://media.piacademy.co.uk/file/11PlusMathsPapers/St-Pauls-Girls-School-11-Plus-Sample-Maths-Paper-2-2025.pdf
11 Plus,6King’s College School - 11 Plus Maths Sample Paper – 2025,https://media.piacademy.co.uk/file/11PlusMathsPapers/Kings-College-School-11-Plus-Maths-Sample-Paper-2025.pdf
11 Plus,6The Latymer School – 11+ English Entrance Examination – 2025,https://media.piacademy.co.uk/file/11PlusEnglishPapers/The-Latymer-School-11-Plus-English-Entrance-Examination-2025.pdf
11 Plus,7Latymer Upper School – 11+ English Sample Paper 1 – 2025,https://media.piacademy.co.uk/file/11PlusEnglishPapers/Latymer-Upper-School-11-Plus-English-Sample-Paper-1-2025.pdf
11 Plus,7Wycombe Abbey - 11+ Maths Entrance Exam Sample Paper - 2025,https://media.piacademy.co.uk/file/11PlusMathsPapers/Wycombe-Abbey-11-Plus-Maths-Entrance-Exam-Sample-Paper-2025.pdf
11 Plus,8City of London School for Girls – 11 Plus Maths Sample Questions - 2025,https://media.piacademy.co.uk/file/11PlusMathsPapers/City-of-London-School-for-Girls-11-Plus-Maths-Sample-Questions-2025.pdf
11 Plus,8Latymer Upper School – 11+ English Sample Paper 2 – 2025,https://media.piacademy.co.uk/file/11PlusEnglishPapers/Latymer-Upper-School-11-Plus-English-Sample-Paper-2-2025.pdf
11 Plus,9Alleyn’s School – 11+ English Sample Examination Paper 1 – 2025,https://media.piacademy.co.uk/file/11PlusEnglishPapers/Alleyns-School-11-Plus-English-Sample-Examination-Paper-1-2025.pdf
11 Plus,9City of London School – 11 Plus Maths Specimen Paper - 2025,https://media.piacademy.co.uk/file/11PlusMathsPapers/City-of-London-School-11-Plus-Maths-Specimen-Paper-2025.pdf
13 Plus,10Dulwich College – 13 Plus Maths Specimen Paper 2023,https://media.piacademy.co.uk/file/13PlusMathsPapers/Dulwich-College-13-Plus-Maths-Specimen-Paper.pdf
13 Plus,10Reigate Grammar School – 13 Plus Pre-Test English Sample Paper 2018,https://media.piacademy.co.uk/file/13PlusEnglishPapers/Reigate-Grammar-School-13-Plus-Pre-Test-English-Sample-Papers-2018.pdf
13 Plus,10St Georges College Weybridge - 13 Plus Biology Scholarship Exam Paper,https://media.piacademy.co.uk/file/13PlusBiologyPapers/St-Georges-College-Weybridge-13-Plus-Biology-Scholarship-Exam-Paper.pdf
13 Plus,11Forest School – 13 Plus Maths Sample Paper 1 2023,https://media.piacademy.co.uk/file/13PlusMathsPapers/Forest-School-13-Plus-Maths-Sample-Paper-1.pdf
13 Plus,11Reigate Grammar School – 13 Plus English Sample Paper 2016,https://media.piacademy.co.uk/file/13PlusEnglishPapers/Reigate-Grammar-School-13-Plus-English-Sample-Paper-2016.pdf
13 Plus,11Westminster School - 13 Plus Biology Scholarship Exam Paper 2016,https://media.piacademy.co.uk/file/13PlusBiologyPapers/Westminster-School-13-Plus-Biology-Scholarship-Exam-Paper-2016.pdf
13 Plus,12Alleyn’s School – 13 Plus English Sample Exam Paper 1,https://media.piacademy.co.uk/file/13PlusEnglishPapers/Alleyns-School-13-Plus-English-Sample-Examination-Paper-1.pdf
13 Plus,12Emanuel School – 13 Plus Maths Sample Paper 2023,https://media.piacademy.co.uk/file/13PlusMathsPapers/Emanuel-School-13-Plus-Maths-Sample-Paper-c.pdf
13 Plus,12Westminster School - 13 Plus Biology Scholarship Exam Paper 2015,https://media.piacademy.co.uk/file/13PlusBiologyPapers/Westminster-School-13-Plus-Biology-Scholarship-Exam-Paper-2015.pdf
13 Plus,1Aldenham School - 13 Plus Biology Exam Paper 2020,https://media.piacademy.co.uk/file/13PlusBiologyPapers/Aldenham-School-13-Plus-Biology-Exam-Paper-2020.pdf
13 Plus,1Haberdashers’ Aske’s Boys’ School (HABS) – 13 Plus English Entrance Exam 2016,https://media.piacademy.co.uk/file/13PlusEnglishPapers/Haberdashers-Askes-Boys-School-HABS-13-Plus-English-Entrance-Exam-2016.pdf
13 Plus,1Reigate Grammar School 13 Plus Maths Sample Paper 2 - Calculator 2026,https://media.piacademy.co.uk/file/13PlusMathsPapers/Reigate-Grammar-School-13-Plus-Maths-Sample-Paper-2-Calculator.pdf
13 Plus,2Colfe's School 13 Plus Examination Maths Sample Paper 2026,https://media.piacademy.co.uk/file/13PlusMathsPapers/Colfes-School-13-Plus-Examination-Maths-Sample-Paper.pdf
13 Plus,2Merchant Taylors’ School – 13 Plus English Entrance Exam 2017,https://media.piacademy.co.uk/file/13PlusEnglishPapers/Merchant-Taylors-School-13-Plus-English-Entrance-Exam-2017.pdf
13 Plus,2Westminster School - 13 Plus Biology Sample Paper 2019,https://media.piacademy.co.uk/file/13PlusBiologyPapers/Westminster-School-13-Plus-Biology-Sample-Paper-2019.pdf
13 Plus,3Chigwell School 13 Plus Maths Specimen Paper 2026,https://media.piacademy.co.uk/file/13PlusMathsPapers/Chigwell-School-13-Plus-Maths-Specimen-Paper.pdf
13 Plus,3Dulwich College – Year 9 English Specimen Paper,https://media.piacademy.co.uk/file/13PlusEnglishPapers/Dulwich-College-Year-9-English-Specimen-Paper.pdf
13 Plus,3ISEB Level 2 - 13 Plus Biology Exam Paper 2017,https://media.piacademy.co.uk/file/13PlusBiologyPapers/ISEB-Level-2-13-Plus-Biology-Exam-Paper-2017.pdf
13 Plus,4EPSOM College Year 9 Maths Specimen Paper 2026,https://media.piacademy.co.uk/file/13PlusMathsPapers/EPSOM-College-Year-9-Maths-Specimen-Paper.pdf
13 Plus,4Haberdashers Askes School - 13 Plus Biology Exam Paper 2015,https://media.piacademy.co.uk/file/13PlusBiologyPapers/Haberdashers-Askes-School-13-Plus-Biology-Exam-Paper-2015.pdf
13 Plus,4Sevenoaks School – Year 9 English Sample Paper 2018,https://media.piacademy.co.uk/file/13PlusEnglishPapers/Sevenoaks-School-Year-9-English-Sample-Paper-2018.pdf
13 Plus,5Radley School - 13 Plus Biology Scholarship Sample Paper 2015,https://media.piacademy.co.uk/file/13PlusBiologyPapers/Radley-School-13-Plus-Biology-Scholarship-Sample-Paper-2015.pdf
13 Plus,"5St Albans School, Hertfordshire – 13 Plus Entrance Exam English Paper 2016",https://media.piacademy.co.uk/file/13PlusEnglishPapers/St-Albans-School-Hertfordshire-13-Plus-Entrance-Exam-English-Paper-2016.pdf
13 Plus,5The Grammar School at Leeds Year 9 Entrance Maths Sample Paper 2026,https://media.piacademy.co.uk/file/13PlusMathsPapers/The-Grammar-School-at-Leeds-Year-9-Entrance-Maths-Sample-Paper.pdf
13 Plus,6Ashford School Year 9 Maths Entrance Exam Sample Paper 2026,https://media.piacademy.co.uk/file/13PlusMathsPapers/Ashford-School-Year-9-Maths-Entrance-Exam-Sample-Paper.pdf
13 Plus,6Bancroft’s School – 13 Plus Entrance Exam English Sample Paper 2019,https://media.piacademy.co.uk/file/13PlusEnglishPapers/Bancrofts-School-13-Plus-Entrance-Exam-English-Sample-Paper-2019.pdf
13 Plus,6Radley School - 13 Plus Biology Scholarship Sample Paper 2016,https://media.piacademy.co.uk/file/13PlusBiologyPapers/Radley-School-13-Plus-Biology-Scholarship-Sample-Paper-2016.pdf
13 Plus,7Forest School – 13 Plus English Sample Paper 1,https://media.piacademy.co.uk/file/13PlusEnglishPapers/Forest-School-13-Plus-English-Sample-Paper-1.pdf
13 Plus,7Radley School - 13 Plus Biology Scholarship Sample Paper 2017,https://media.piacademy.co.uk/file/13PlusBiologyPapers/Radley-School-13-Plus-Biology-Scholarship-Sample-Paper-2017.pdf
13 Plus,7Truro School 13 Plus Maths Sample Paper 2026,https://media.piacademy.co.uk/file/13PlusMathsPapers/Truro-School-13-Maths-Sample-Paper.pdf
13 Plus,8Forest School – 13 Plus English Sample Paper 2,https://media.piacademy.co.uk/file/13PlusEnglishPapers/Forest-School-13-Plus-English-Sample-Paper-2.pdf
13 Plus,8Hereford Cathedral School 13 Plus Maths Entrance Sample Paper 2026,https://media.piacademy.co.uk/file/13PlusMathsPapers/Hereford-Cathedral-School-13-Plus-Maths-Entrance-Sample-Paper.pdf
13 Plus,8Radley School - 13 Plus Biology Scholarship Sample Paper 2018,https://media.piacademy.co.uk/file/13PlusBiologyPapers/Radley-School-13-Plus-Biology-Scholarship-Sample-Paper-2018.pdf
13 Plus,9Emanuel School – 13 Plus English Sample Paper,https://media.piacademy.co.uk/file/13PlusEnglishPapers/Emanuel-School-13-Plus-English-Sample-Paper.pdf
13 Plus,9Radley School - 13 Plus Biology Scholarship Sample Paper 2019,https://media.piacademy.co.uk/file/13PlusBiologyPapers/Radley-School-13-Plus-Biology-Scholarship-Sample-Paper-2019.pdf
13 Plus,9St Francis College Year 9 Maths Practice Entrance Paper 2026,https://media.piacademy.co.uk/file/13PlusMathsPapers/St-Francis-College-Year-9-Maths-Practice-Extrance-Paper.pdf
Pre 11 Plus,10King's School Chester - 9 Plus Entrance Exam Maths Paper - 2026,https://media.piacademy.co.uk/file/9PlusMathsPapers/King-s-School-Chester-Entrance-Exam-Maths-Paper.pdf
Pre 11 Plus,10North London Collegiate School – 7 Plus Maths Sample Paper 2019,https://media.piacademy.co.uk/file/7PlusMathsPapers/North-London-Collegiate-School-7-Plus-Maths-Sample-Paper-2019.pdf
Pre 11 Plus,11Latymer Upper School – 7 Plus Maths Paper 1,https://media.piacademy.co.uk/file/7PlusMathsPapers/Latymer-Upper-School-7-Plus-Maths-Paper-1.pdf
Pre 11 Plus,12Latymer Upper School – 7 Plus Maths Paper 2,https://media.piacademy.co.uk/file/7PlusMathsPapers/Latymer-Upper-School-7-Plus-Maths-Paper-2.pdf
Pre 11 Plus,19City of London School – 10 Plus Maths Practice Paper,https://media.piacademy.co.uk/file/10PlusMathsPapers/City-of-London-School-10-Plus-Maths-Practice-Paper.pdf
Pre 11 Plus,1Highgate School 7 Plus Sample Question Paper 2026,https://media.piacademy.co.uk/file/7PlusMathsPapers/Highgate-School-7-Plus-Sample-Question-Paper.pdf
Pre 11 Plus,20Kingston Grammar School – 10 Plus English Specimen Paper Deferred Entry,https://media.piacademy.co.uk/file/10PlusEnglishPapers/Kingston-Grammar-School-10-Plus-English-Specimen-Paper-Deferred-Entry.pdf
Pre 11 Plus,2Dulwich College – 8 Plus Maths Sample Paper - 2026,https://media.piacademy.co.uk/file/8PlusMathsPapers/Dulwich-College-8-Plus-Maths-Sample-Paper.pdf
Pre 11 Plus,2Highgate School 7 Plus Maths 2026 Practice Paper 2,https://media.piacademy.co.uk/file/7PlusMathsPapers/Highgate-School-7-Plus-Maths-Practice-Paper-2.pdf
Pre 11 Plus,3Dulwich College 7 Plus Maths 2026 Sample Questions Paper 2,https://media.piacademy.co.uk/file/7PlusMathsPapers/Dulwich-College-7-Plus-Maths-Sample-Questions-Paper-2.pdf
Pre 11 Plus,3Westminster Cathedral Choir School – 8 Plus Maths Specimen Paper 1 - 2026,https://media.piacademy.co.uk/file/8PlusMathsPapers/Westminster-Cathedral-Choir-School-8-Plus-Maths-Specimen-Paper-1.pdf
Pre 11 Plus,4Chigwell School 7 Plus Maths Specimen Paper 2026,https://media.piacademy.co.uk/file/7PlusMathsPapers/Chigwell-School-7-Plus-Maths-Specimen-Paper.pdf
Pre 11 Plus,4Westminster Cathedral Choir School – 8 Plus Maths Specimen Paper 2 - 2026,https://media.piacademy.co.uk/file/8PlusMathsPapers/Westminster-Cathedral-Choir-School-8-Plus-Maths-Specimen-Paper-2.pdf
Pre 11 Plus,5St Faiths Cambridge 7 Plus Maths Sample Paper 2026,https://media.piacademy.co.uk/file/7PlusMathsPapers/St-Faiths-Cambridge-7-Plus-Sample-Maths-Paper.pdf
Pre 11 Plus,5St Mary's School – Year 4 Maths Sample Paper - 2026,https://media.piacademy.co.uk/file/8PlusMathsPapers/St-Mary-s-School-Year-4-Maths-Sample-Paper.pdf
Pre 11 Plus,6St Faiths Cambridge – Year 4 Sample Maths Paper - 2026,https://media.piacademy.co.uk/file/8PlusMathsPapers/St-Faiths-Cambridge-Year-4-Sample-Maths-Paper.pdf
Pre 11 Plus,6Stephen Perse School 7 Plus Maths 2026 Entrance Paper 1,https://media.piacademy.co.uk/file/7PlusMathsPapers/Stephen-Perse-School-7-Plus-Maths-Entrance-Paper-1.pdf
Pre 11 Plus,7Hampton Court House - Year 5 Maths Entrance Exam Paper - 2026,https://media.piacademy.co.uk/file/9PlusMathsPapers/Hampton-Court-House-Year-5-Maths-Entrance-Exam-Paper.pdf
Pre 11 Plus,7Latymer Prep 7 Plus Maths 2021 Sample Paper 1,https://media.piacademy.co.uk/file/7PlusMathsPapers/Latymer-Prep-7-Plus-Maths-2021-Sample-Paper-1.pdf
Pre 11 Plus,8North London Collegiate Junior School – 7 Plus Maths Sample paper 2018,https://media.piacademy.co.uk/file/7PlusMathsPapers/North-London-Collegiate-Junior-School-7-Plus-Maths-Sample-paper-2018.pdf
Pre 11 Plus,8Stephen Perse School - Year 5 Maths Entrance Paper - 2026,https://media.piacademy.co.uk/file/9PlusMathsPapers/St-Faiths-Cambridge-Year-5-Maths-Sample-Paper.pdf
Pre 11 Plus,9Dulwich College - 9 Plus Maths Sample Paper - 2026,https://media.piacademy.co.uk/file/9PlusMathsPapers/Dulwich-College-9-Plus-Maths-Sample-Paper-Questions.pdf
Pre 11 Plus,9Haberdashers’ Aske’s Boys’ School (HABS) – 7 Plus English,https://media.piacademy.co.uk/file/7PlusEnglishPapers/Haberdashers-Askes-Boys-School-HABS-7-Plus-English-Sample-Paper.pdf
