slug,title,keyword
ucat-tutor,UCAT Tutor,ucat tutor uk
mmi-interview-coaching,MMI Interview Coaching,mmi interview coaching
oxbridge-admissions-preparation,Oxbridge Admissions Preparation,oxbridge admissions preparation
university-personal-statement,University Personal Statement Help,university personal statement help
medicine-prep-hub,Medicine Preparation,medicine preparation tutoring
oxbridge-subject-preparation,Oxbridge Subject Preparation,oxbridge subject interview prep
medical-school-interviews,Medical School Interviews,medical school interview preparation uk
mmi-station-types,MMI Station Types,mmi station types medical school
mmi-practice-questions,MMI Practice Questions,mmi practice questions medical school
which-medical-schools-use-mmi,Which Medical Schools Use MMI,which medical schools use mmi uk
